[
  {
    "id": 1,
    "slug": "sustainable-construction-practices",
    "title": {
      "en": "Sustainable Construction Practices in Ethiopia",
      "am": "በኢትዮጵያ ዘላቂ የግንባታ ልምዶች"
    },
    "excerpt": {
      "en": "Exploring how modern construction techniques can contribute to environmental sustainability while meeting Ethiopia's growing infrastructure needs.",
      "am": "ዘመናዊ የግንባታ ቴክኒኮች የኢትዮጵያን እያደገ ያለውን የመሠረተ ልማት ፍላጎት እያሟሉ ለአካባቢ ዘላቂነት እንዴት አስተዋፅኦ ማድረግ እንደሚችሉ መመርመር።"
    },
    "date": "2024-09-15",
    "category": "sustainability",
    "author": "YABEZ Team",
    "image": "/images/blog/blog1.jpg"
  },
  {
    "id": 2,
    "slug": "infrastructure-development-2024",
    "title": {
      "en": "Infrastructure Development Trends 2024",
      "am": "የመሠረተ ልማት ልማት አዝማሚያዎች 2024"
    },
    "excerpt": {
      "en": "An analysis of the latest trends in infrastructure development and what they mean for Ethiopia's construction sector.",
      "am": "በመሠረተ ልማት ልማት ውስጥ ያሉ የቅርብ ጊዜ አዝማሚያዎች እና ለኢትዮጵያ የግንባታ ዘርፍ ምን ማለታቸው ነው የሚለው ትንተና።"
    },
    "date": "2024-08-22",
    "category": "industry",
    "author": "YABEZ Team",
    "image": "/images/blog/blog2.jpg"
  },
  {
    "id": 3,
    "slug": "safety-standards-construction",
    "title": {
      "en": "Maintaining Safety Standards in Construction",
      "am": "በግንባታ ውስጥ የደህንነት ደረጃዎችን መጠበቅ"
    },
    "excerpt": {
      "en": "Best practices and protocols for ensuring worker safety and project quality in construction projects.",
      "am": "በግንባታ ፕሮጀክቶች ውስጥ የሰራተኛ ደህንነትን እና የፕሮጀክት ጥራትን ለማረጋገጥ ምርጥ ልምዶች እና ፕሮቶኮሎች።"
    },
    "date": "2024-07-10",
    "category": "safety",
    "author": "YABEZ Team",
    "image": "/images/blog/blog3.jpg"
  }
]
