[
  {
    "id": 1,
    "slug": "civil-engineer",
    "title": {
      "en": "Civil Engineer",
      "am": "የሲቪል ኢንጂነር"
    },
    "department": "Engineering",
    "location": "Addis Ababa",
    "type": "Full-time",
    "description": {
      "en": "We are seeking an experienced Civil Engineer to join our team. The ideal candidate will have 5+ years of experience in construction projects and strong technical skills.",
      "am": "ልምድ ያለው የሲቪል ኢንጂነር ቡድናችንን እንዲቀላቀል እንፈልጋለን። ተስማሚው እጩ በግንባታ ፕሮጀክቶች ላይ ከ5+ ዓመታት በላይ ልምድ እና ጠንካራ ቴክኒካል ችሎታዎች ሊኖሩት ይገባል።"
    },
    "requirements": [
      "Bachelor's degree in Civil Engineering",
      "5+ years of experience",
      "Strong project management skills",
      "Excellent communication abilities"
    ],
    "posted": "2024-09-20"
  },
  {
    "id": 2,
    "slug": "project-manager",
    "title": {
      "en": "Project Manager",
      "am": "የፕሮጀክት አስተዳዳሪ"
    },
    "department": "Management",
    "location": "Addis Ababa",
    "type": "Full-time",
    "description": {
      "en": "Looking for an experienced Project Manager to oversee construction projects from initiation to completion. Must have proven track record in delivering projects on time and within budget.",
      "am": "የግንባታ ፕሮጀክቶችን ከመጀመሪያው እስከ መጨረሻው ለመቆጣጠር ልምድ ያለው የፕሮጀክት አስተዳዳሪ እንፈልጋለን። ፕሮጀክቶችን በወቅቱ እና በበጀት ውስጥ የማቅረብ የተረጋገጠ ሪከርድ ሊኖረው ይገባል።"
    },
    "requirements": [
      "Bachelor's degree in Construction Management or related field",
      "7+ years of project management experience",
      "PMP certification preferred",
      "Strong leadership skills"
    ],
    "posted": "2024-09-15"
  },
  {
    "id": 3,
    "slug": "architect",
    "title": {
      "en": "Architect",
      "am": "አርክቴክት"
    },
    "department": "Design",
    "location": "Addis Ababa",
    "type": "Full-time",
    "description": {
      "en": "Seeking a creative and experienced Architect to design innovative building solutions. Must be proficient in CAD software and have a strong portfolio.",
      "am": "ፈጠራ የሆኑ የህንፃ መፍትሄዎችን ለመንደፍ ፈጠራ እና ልምድ ያለው አርክቴክት እንፈልጋለን። በCAD ሶፍትዌር ውስጥ ብቃት ያለው እና ጠንካራ ፖርትፎሊዮ ሊኖረው ይገባል።"
    },
    "requirements": [
      "Bachelor's degree in Architecture",
      "3+ years of experience",
      "Proficiency in AutoCAD, Revit",
      "Strong design portfolio"
    ],
    "posted": "2024-09-10"
  }
]
