[
  {
    "id": 1,
    "slug": "addis-commercial-complex",
    "title": {
      "en": "Addis Commercial Complex",
      "am": "አዲስ የንግድ ህንፃ"
    },
    "category": "commercial",
    "description": {
      "en": "A modern 12-story commercial building in the heart of Addis Ababa featuring retail spaces, offices, and parking facilities.",
      "am": "የችርቻሮ ቦታዎችን፣ ቢሮዎችን እና የመኪና ማቆሚያ ተቋማትን የሚያሳይ በአዲስ አበባ መሃል ላይ ዘመናዊ 12 ፎቅ የንግድ ህንፃ።"
    },
    "location": "Addis Ababa, Ethiopia",
    "year": 2023,
    "status": "completed",
    "image": "/images/projects/project1.jpg"
  },
  {
    "id": 2,
    "slug": "bahir-dar-highway",
    "title": {
      "en": "Bahir Dar Highway Extension",
      "am": "የባህር ዳር አውራ ጎዳና ማራዘሚያ"
    },
    "category": "infrastructure",
    "description": {
      "en": "35km highway extension project connecting Bahir Dar to surrounding regions with modern road infrastructure.",
      "am": "ባህር ዳርን ከዙሪያው ክልሎች ጋር በዘመናዊ የመንገድ መሠረተ ልማት የሚያገናኝ 35 ኪሜ የአውራ ጎዳና ማራዘሚያ ፕሮጀክት።"
    },
    "location": "Bahir Dar, Ethiopia",
    "year": 2022,
    "status": "completed",
    "image": "/images/projects/project2.jpg"
  },
  {
    "id": 3,
    "slug": "hawassa-residential",
    "title": {
      "en": "Hawassa Residential Estate",
      "am": "የሐዋሳ መኖሪያ ቤት"
    },
    "category": "residential",
    "description": {
      "en": "Modern residential complex with 200 housing units, community facilities, and green spaces for sustainable living.",
      "am": "ለዘላቂ ኑሮ 200 የመኖሪያ ቤቶች፣ የማህበረሰብ ተቋማት እና አረንጓዴ ቦታዎች ያሉት ዘመናዊ የመኖሪያ ህንፃ።"
    },
    "location": "Hawassa, Ethiopia",
    "year": 2024,
    "status": "ongoing",
    "image": "/images/projects/project3.jpg"
  },
  {
    "id": 4,
    "slug": "dire-dawa-water-supply",
    "title": {
      "en": "Dire Dawa Water Supply System",
      "am": "የድሬዳዋ የውሃ አቅርቦት ስርዓት"
    },
    "category": "water",
    "description": {
      "en": "Comprehensive water supply infrastructure serving over 100,000 residents with clean and reliable water access.",
      "am": "ከ100,000 በላይ ነዋሪዎችን በንፁህ እና አስተማማኝ የውሃ አቅርቦት የሚያገለግል አጠቃላይ የውሃ አቅርቦት መሠረተ ልማት።"
    },
    "location": "Dire Dawa, Ethiopia",
    "year": 2023,
    "status": "completed",
    "image": "/images/projects/project4.jpg"
  },
  {
    "id": 5,
    "slug": "mekelle-bridge",
    "title": {
      "en": "Mekelle City Bridge",
      "am": "የመቀሌ ከተማ ድልድይ"
    },
    "category": "infrastructure",
    "description": {
      "en": "Modern bridge construction improving connectivity and reducing traffic congestion in Mekelle city center.",
      "am": "በመቀሌ ከተማ መሃል ግንኙነትን በማሻሻል እና የትራፊክ መጨናነቅን በመቀነስ ዘመናዊ ድልድይ ግንባታ።"
    },
    "location": "Mekelle, Ethiopia",
    "year": 2024,
    "status": "ongoing",
    "image": "/images/projects/project5.jpg"
  },
  {
    "id": 6,
    "slug": "jimma-industrial-park",
    "title": {
      "en": "Jimma Industrial Park",
      "am": "የጅማ ኢንዱስትሪ ፓርክ"
    },
    "category": "industrial",
    "description": {
      "en": "State-of-the-art industrial park development with manufacturing facilities, warehouses, and support infrastructure.",
      "am": "የማምረቻ ተቋማት፣ መጋዘኖች እና ድጋፍ መሠረተ ልማት ያለው ዘመናዊ የኢንዱስትሪ ፓርክ ልማት።"
    },
    "location": "Jimma, Ethiopia",
    "year": 2023,
    "status": "completed",
    "image": "/images/projects/project6.jpg"
  }
]
