[
  {
    "id": 1,
    "slug": "building-construction",
    "title": {
      "en": "Building Construction",
      "am": "የህንፃ ግንባታ"
    },
    "description": {
      "en": "Specializing in residential, commercial, and industrial buildings. Our expertise covers the entire construction lifecycle, from planning and design to execution and finishing.",
      "am": "በመኖሪያ፣ በንግድ እና በኢንዱስትሪ ህንፃዎች ላይ ልዩ ችሎታ። እውቀታችን ከእቅድ እና ከንድፍ ጀምሮ እስከ አፈፃፀም እና ማጠናቀቂያ ድረስ ያለውን ሙሉ የግንባታ ዑደት ይሸፍናል።"
    },
    "icon": "building"
  },
  {
    "id": 2,
    "slug": "road-bridge-construction",
    "title": {
      "en": "Road and Bridge Construction",
      "am": "የመንገድ እና ድልድይ ግንባታ"
    },
    "description": {
      "en": "Development of critical infrastructure, including highways, urban roads, and bridges, adhering to the highest safety and quality standards.",
      "am": "ከፍተኛውን የደህንነት እና የጥራት ደረጃዎችን በማክበር አውራ ጎዳናዎችን፣ የከተማ መንገዶችን እና ድልድዮችን ጨምሮ ወሳኝ የመሠረተ ልማት ልማት።"
    },
    "icon": "road"
  },
  {
    "id": 3,
    "slug": "water-works-construction",
    "title": {
      "en": "Water Works Construction",
      "am": "የውሃ ስራዎች ግንባታ"
    },
    "description": {
      "en": "Implementation of water supply systems, irrigation projects, and wastewater treatment facilities to support community development and agricultural needs.",
      "am": "የማህበረሰብ ልማትን እና የግብርና ፍላጎቶችን ለመደገፍ የውሃ አቅርቦት ስርዓቶችን፣ የመስኖ ፕሮጀክቶችን እና የቆሻሻ ውሃ ማጣሪያ ተቋማትን መተግበር።"
    },
    "icon": "water"
  },
  {
    "id": 4,
    "slug": "real-estate-development",
    "title": {
      "en": "Real Estate Development",
      "am": "የሪል እስቴት ልማት"
    },
    "description": {
      "en": "Comprehensive real estate solutions, including property acquisition, development, and management, creating sustainable and modern living and working spaces.",
      "am": "ዘላቂ እና ዘመናዊ የመኖሪያ እና የስራ ቦታዎችን በመፍጠር የንብረት ግዢን፣ ልማትን እና አስተዳደርን ጨምሮ አጠቃላይ የሪል እስቴት መፍትሄዎች።"
    },
    "icon": "home"
  },
  {
    "id": 5,
    "slug": "material-machinery-trading",
    "title": {
      "en": "Material and Machinery Trading",
      "am": "የቁሳቁስ እና የማሽነሪ ንግድ"
    },
    "description": {
      "en": "Import and export of a wide array of construction materials (cement, rebar, finishing materials), heavy machinery (excavators, loaders, cranes), and spare parts. We ensure timely delivery and competitive pricing.",
      "am": "ሰፊ የግንባታ ቁሳቁሶችን (ሲሚንቶ፣ ብረት፣ የማጠናቀቂያ ቁሳቁሶች)፣ ከባድ ማሽነሪዎችን (ቁፋሮዎች፣ ሎደሮች፣ ክሬኖች) እና መለዋወጫዎችን ማስመጣት እና ወደ ውጭ መላክ። በወቅቱ ማድረስ እና ተወዳዳሪ ዋጋን እናረጋግጣለን።"
    },
    "icon": "tools"
  },
  {
    "id": 6,
    "slug": "general-import-export",
    "title": {
      "en": "General Import and Export",
      "am": "አጠቃላይ ማስመጣት እና መላክ"
    },
    "description": {
      "en": "Facilitating international trade for various goods beyond construction, supporting diverse economic sectors.",
      "am": "ከግንባታ ባሻገር ለተለያዩ እቃዎች አለምአቀፍ ንግድን በማመቻቸት የተለያዩ የኢኮኖሚ ዘርፎችን መደገፍ።"
    },
    "icon": "globe"
  },
  {
    "id": 7,
    "slug": "consultancy-project-management",
    "title": {
      "en": "Consultancy and Project Management",
      "am": "አማካሪነት እና የፕሮጀክት አስተዳደር"
    },
    "description": {
      "en": "Offering expert advice, feasibility studies, project planning, and oversight to ensure efficient and successful project execution.",
      "am": "ውጤታማ እና ስኬታማ የፕሮጀክት አፈፃፀምን ለማረጋገጥ የባለሙያ ምክር፣ የአዋጭነት ጥናቶች፣ የፕሮጀክት እቅድ እና ቁጥጥር መስጠት።"
    },
    "icon": "chart"
  }
]
